Number	Date	Time	Pre-amble	Question	Category	Secondary_category	Replies	Respondents,,,,,,,,,,,,,,,,,,,,,,,,,,,,,,,,,,,,,,,,,,,,,,,,,,,,,,,,,,,,,,,,,,,,,,,,,,,,,,,,,,,,,,,,,,,,,,,,,,,,,,,,,,,,,,,,,,,,,,,,,,,,,,,,,
"1	19/05/2023	13:06	""I",have,been,informed,there,was,formerly,much,more,fun,activity,on,Teams.,The,time,has,come,for,a,revival.,With,the,aim,of,inciting,insightful,interest,and,creating,comedic,"controversy,",I,bring,you,the,first,in,a,series,of,light-hearted,Friday’s,Amiable,"Queries.""	Who",was,your,Eurovision,favourite?,Answers,in,emojis,only.	Media	Topical	9	7,,,,,,,,,,,,,,,,,,,,,,,,,,,,,,,,,,,,,,,,,,,,,,,,,,,,,,,,,,,,,,,,,,,,,,,,,,,,,,
"2	26/05/2023	10:44	""It's",that,time,of,the,week,again,for,another,Friday,Amiable,Query,(better,name,pending)!,Post-collapse,of,the,Soviet,"Union,",pre-2000s,terribleness,(see,"9/11,",financial,"crash,",and,spiky,hair),and,filled,with,double,denim,and,Hollywood,"hubris,",the,'90s,were,undoubtedly,the,"bomb!""	What",is,your,favourite,'90s,film?,Bonus,points,for,answering,with,emojis.,Double,bonus,points,for,correctly,guessing,other,people's,hieroglyphics.	Media		49	8,,,,,,,,,,,,,,,,,,,,,,,,,,,,,,,,,,,,,,,,,,,,,,,,,,,,,,,,,,,,,,,,,,,
"3	02/06/2023	10:24	""Aah,",Friday!,A,day,to,put,your,feet,up,in,the,"evening,",whack,on,the,"telly,",and,declare,loudly,that,you,won’t,be,doing,the,cooking,tonight.,Why,make,food,when,a,quick,phone,call,or,a,couple,of,clicks,can,get,you,any,dish,you,"desire?""	What",is,your,favourite,takeaway?,Will,it,be,a,traditional,Norfolk,fish,‘n’,chips,or,something,more,exotic?,Like,pizza?	Food		7	7,,,,,,,,,,,,,,,,,,,,,,,,,,,,,,,,,,,,,,,,,,,,,,,,,,,,,,,,,,,,,,,,
"4	09/06/2023	10:11	""They",are,"cringey,",full,of,manufactured,"drama,",and,feature,some,of,the,most,obnoxious,human,beings,on,the,planet.,"No,",not,PMQs,-,reality,TV,shows.,"But,",as,we,all,"know,",despite,loudly,voicing,your,disdain,for,them,over,"lunch,",you're,tuning,into,the,latest,Love,Island,series,in,the,"evenings.""	What",is/has,been,your,favourite,reality,TV,show?	Media		10	7,,,,,,,,,,,,,,,,,,,,,,,,,,,,,,,,,,,,,,,,,,,,,,,,,,,,,,,,,,,,,,,,,,,,,,,,
"5	23/06/2023	09:52	""Today's",FAQ,is,brought,to,you,by,Anna,Russell,(MED,-,Postgraduate,Researcher).,Aahhh...celebrity:,The,art,of,being,famous,for...,"well,",being,famous.,It's,a,magical,realm,where,talent,and,substance,take,a,backseat,to,scandalous,"headlines,",extravagant,"lifestyles,",and,an,insatiable,appetite,for,"attention.""	Which",celebrity,should,join,the,team,and,why?	Culture	Hypothetical	5	4,,,,,,,,,,,,,,,,,,,,,,,,,,,,,,,,,,,,,,,,,,,,,,,,,,,,,,,,,,,,,,,,,,,,,,,,,,,,,,
"6	30/06/2023	11:37	""In",my,old,research,"group,",prior,to,starting,at,"UEA,",we,had,a,leak,in,the,lab,ceiling.,While,maintenance,dithered,around,on,fixing,the,"issue,",a,tub,was,placed,underneath,the,leak,to,catch,the,irregular,deluges.,In,"time,",a,little,pool,built,up,in,the,tub.,I,amused,myself,and,my,colleagues,by,fashioning,little,paper,"boats,",naming,them,after,the,genes,we,were,working,"on,",and,having,them,set,sail,on,the,newly,created,tub,ocean.,Being,overly,"superstitious,",one,of,the,PhD,students,was,dismayed,to,find,one,morning,that,the,boat,named,after,the,gene,they,were,working,on,had,sunk,"overnight.""	What",are,your,work-related,superstitions?,Have,you,ever,pipette-mixed,the,water?,Do,you,think,that,planetary,alignment,will,make,your,R,code,execute,faster?	Rogue		0	0
7	07/07/2023	10:50	The,forecast,reckons,tomorrow,will,be,a,scorcher.,Perfect,for,stretching,out,on,your,garden,furniture,with,a,cold,beverage,in,your,hand.	What,is,your,go-to,smoothie,recipe?,Emojis,only.	Food		7	4,,,,,,,,,,,,,,,,,,,,,,,,,,,,,,,,,,,,,,,,,,,,,,,,,,,,,,,,,,,,,,,,,,,,,,,,,,,,,,,,,,,,,,,,,,,,,,,,,,,,
"8	14/07/2023	10:05	""Superheroes.",As,Hollywood's,most,lucrative,"invention,",they,are,wheeled,out,onto,our,screens,several,times,a,year.,In,an,attempt,to,give,the,audiences,some,diversity,of,CGI,spectacle,interspersed,with,canned,plot,"elements,",every,time,there,is,a,new,"origin,",villainous,"threat,",or,set,of,superpowers.,But,forget,"flying,",incredible,"strength,",or,superspeed;,what,about,more,"productive,",pedestrian,powers?,How,about,being,able,to,teleport,to,the,office,or,instant,laundry,"folding?""	What",would,be,your,mundane,superpower,that,would,make,every,day,life,easier?	Media	Hypothetical	13	8,,,,,,,,,,,,,,,,,,,,,,,,,,,,,,,,,,,,,,,,,,,,,
"9	21/07/2023	11:52	""On",Wednesday,this,"week,",I,was,awoken,at,4am.,My,alarm,clock,was,a,"wasp,",which,had,infiltrated,my,"room,",stinging,me,in,the,face.,Sporting,a,newly,acquired,painful,bulge,on,the,side,of,my,forehead,and,hearing,the,buzzing,of,the,wasp's,comrades,on,the,landing,"outside,",I,did,not,get,back,to,sleep,until,10,minutes,before,my,actual,alarm,went,"off.""	Which",insect,have,you,had,the,worst,experience,with?	Nature		6	5,,,,,,,,,,,,,,,,,,,,,,,,,,,,,,,,,,,,,,,,,,,,,,,,,,,,,,,,,
"10	28/07/2023	11:00	""I'm",off,to,Wales,next,week.,With,its,tales,of,"dragons,","giants,",and,strong,connections,to,the,Arthurian,"legend,",Wales,boasts,of,being,the,inspiration,for,many,fantasy,fictions.,It,also,rains,a,lot,and,scaling,the,church,steeple,just,to,get,phone,reception,is,a,common,"activity.""	What",is,your,favourite,mythical,creature?	Sci-Fi/Fantasy		7	4,,,,,,,,,,,,,,,,,,,,,,,,,,,,,,,,,,,,,,,,,,,,,,,,,,,,,,,,,,,,,,,,,,,,,,,,,,,,,
"11	04/08/2023	10:30	""In",the,realm,of,"nutrition,",they're,"prime,",Fruits,and,"veggies,",a,feast,so,divine.,With,vitamins,"packed,",And,getting,lips,"smacked,",A,health,boost,that's,simply,"sublime!""	What",are,the,definitive,5-a-day?,Emojis,only.	Food		3	3,,,,,,,,,,,,,,,,,,,,,,,,,,,,,,,,,,,,,,,,,,,,,,,,,,,,,,,,,,,,,,,,,,,,,,,,,,,,,,,,,,,,,,,,,,,,,,,,,
"12	11/08/2023	11:29	""Abraham",Gihawi,(MED,-,Staff),is,off,to,Italy,next,"week,",the,country,that,"has,",without,"question,",the,world's,best,"cuisine.""	What",is,your,favourite,Italian,dish?	Food		4	4,,,,,,,,,,,,,,,,,,,,,,,,,,,,,,,,,,,,,,,,,,,,,,,,,,,,,,,,,,,,,,,,,,,,,,,,,,,,,,,,,,,,,,,,,,,,,,,,,,,,,,,,
13	18/08/2023	09:42	This,weekend,is,set,to,be,a,sunny,scorcher,which,means,Emma,Wilson,(MED,-,Postgraduate,Researcher),will,be,off,on,her,biweekly,pilgrimage,to,sample,the,culinary,delights,of,Great,Yarmouth:,chips.	How,do,you,like,your,chips?	Food		5	5,,,,,,,,,,,,,,,,,,,,,,,,,,,,,,,,,,,,,,,,,,,,,,,,,,,,,,,,,,,,,,,,,,,,,,,,,,,,,,,,,,,,,,,,,,,,
"14	25/08/2023	09:58	""Today's",question,is,in,honour,of,Valeriia,Haberland,(MED,-,Staff),and,one,of,her,many,wisdoms:,Never,skip,life's,little,pleasures.,There,is,always,room,for,"dessert.""""""	What",is,your,favourite,dessert?	Food	In-joke	12	6,,,,,,,,,,,,,,,,,,,,,,,,,,,,,,,,,,,,,,,,,,,,,,,,,,,,,,,,,,,,,,,,,,,,,,,,,,,,,,,,,,,,,,,,,,,,,,,,,,
"15	01/09/2023	10:38	""Summer",is,undoubtedly,Anna,Russell,(MED,-,Postgraduate,Researcher)'s,favourite,time,of,year.,Whether,it's,swallowing,as,much,seawater,as,she,"can,",shooing,tourists,off,her,parking,"spot,",or,getting,eaten,alive,by,insects,while,"camping,",Anna,truly,lives,for,the,season,and,all,it,has,to,"offer.""	What",was,your,favourite,experience,this,summer?	Lifestyle		4	4,,,,,,,,,,,,,,,,,,,,,,,,,,,,,,,,,,,,,,,,,,,,,,,,,,,,,,,,,,,,,,,,,,,,,,,,,,,,
"16	08/09/2023	10:18	""Sports.",Whether,they,involve,kicking,a,"ball,",throwing,a,"ball,",or,a,hitting,"ball,",Seshadhri,Subramanian,(MED,-,Postgraduate,Researcher),can't,get,enough,of,watching,them.,His,fondness,for,football,is,most,fervent,and,his,comprehension,of,cricket,incomparable.,"Indeed,",his,devotions,are,so,extreme,that,he,is,completely,unaware,that,there,exist,sports,which,don't,involve,a,ball,at,"all.""	""To",watch,or,"play,",what,is,your,favourite,non-ball,"sport?""	Sport	In-joke	13	7",,,,,,,,,,,,,,,,,,,,,,,,,,,,,,,,,,,,,,,,,,,,,,,,,,,,,,,,,,,,
17	15/09/2023	10:25	Why,does,Paul,Jackson,(MED,-,Staff),take,two,pairs,of,socks,with,him,when,he,plays,golf?,In,case,he,gets,a,hole,in,one.	Provide,a,pun.,Bonus,points,for,whichever,earns,the,most,laugh,emojis.	Humour		3	3,,,,,,,,,,,,,,,,,,,,,,,,,,,,,,,,,,,,,,,,,,,,,,,,,,,,,,,,,,,,,,,,,,,,,,,,,,,,,,,,,,,,,,,,,,,,,
18	22/09/2023	09:47	Variety,is,the,spice,of,life...but,everyone,has,their,favourite,they,keep,coming,back,to.	What,is,your,favourite,spice?	Food		7	7,,,,,,,,,,,,,,,,,,,,,,,,,,,,,,,,,,,,,,,,,,,,,,,,,,,,,,,,,,,,,,,,,,,,,,,,,,,,,,,,,,,,,,,,,,,,,,,,,,,,,,,,,,,,,,,
"19	29/09/2023	09:49	""Are",you,a,dog,person,or,a,cat,person?,Are,you,a,hamster,person,or,even,a,rabbit,person?,Have,you,ever,dared,to,wonder,if,you're,actually,a,bird,or,a,reptile,person?,In,today's,"world,",the,range,of,person,possibilities,is,huge.,Why,not,consider,an,alternative,person,"today?!""	Which",non-mammal,makes,the,best,pet?	Nature		8	6,,,,,,,,,,,,,,,,,,,,,,,,,,,,,,,,,,,,,,,,,,,,,,,,,,,,,,,,,,,,,,,,,,,,,,,,,,
20	06/10/2023	10:51	Spoiler,alert!,Wrestling,isn't,wrestling.,It's,more,like,a,soap,opera,where,muscle-bound,individuals,act,out,dramatic,plot,lines,through,shouting,matches,and,theatrical,violence.	What,would,be,your,wrestler,name,and,persona?	Entertainment	Hypothetical	4	4,,,,,,,,,,,,,,,,,,,,,,,,,,,,,,,,,,,,,,,,,,,,,,,,,,,,,,,,,,,,,,,,,,,,,,,,,,,,,,,,,,,,,,,,,,,,,,,,,,
"21	13/10/2023	09:54	""The",nights,are,getting,"darker,",the,weather,is,becoming,increasingly,"dismal,",and,Seshadhri,Subramanian,(MED,-,Postgraduate,Researcher),has,been,busy,refining,his,conker,collection,in,anticipation,of,raking,in,trophies,at,conker,tournaments,up,and,down,the,"country.""	What",is,your,favourite,thing,about,autumn?	Nature	Topical	9	9,,,,,,,,,,,,,,,,,,,,,,,,,,,,,,,,,,,,,,,,,,,,,,,,,,,,,,,,,,,,,,,,,,,,,,,,,,,,,,,,,,,,,
"22	20/10/2023	10:16	""With",the,spookiest,day,of,the,year,almost,upon,"us,",it's,time,to,dust,off,those,"fangs,",stock,up,on,face,"paint,",and,comb,the,charity,shops,for,suitably,scary,"threads.""	What",is,your,Halloween,costume,this,year?	Culture	Topical	5	4,,,,,,,,,,,,,,,,,,,,,,,,,,,,,,,,,,,,,,,,,,,,,,,,,,,,,,,,,,,,,,,,,,,,,,,,,,,,,,,,,,,,,,,,,,,,,
"23	27/10/2023	10:00	""As",night,creeps,up,on,day,and,fog,obscures,our,"senses,",do,you,ever,wonder,what,could,be,lurking,in,the,darkness?,What,eldritch,horrors,lie,in,wait,just,outside,the,circle,of,light,from,the,streetlamp,as,you,wait,at,the,bus,stop?,What,manner,of,malevolence,is,stalking,you,on,your,run,through,the,park,at,dusk?,Be,it,the,poltergeist,or,the,"chupacabra,",we,love,to,indulge,in,beliefs,which,frighten,"us.""	Share",with,us,a,spooky,urban,myth,or,folktale.,I,attach,a,little,story,of,my,own.,There's,more,truth,to,it,than,you,might,believe...	Culture	Topical	5	2,,,,,,,,,,,,,,,,,,,,,,,,,,,,,,
24	03/11/2023	08:48	Daniel,Brewer,(MED,-,Staff),went,to,a,shop,which,claimed,to,sell,tortoise,houses,but,they,didn't,have,any,in,stock.,Turns,out,it,was,a,shell,company.	Provide,a,dad,joke.,Whichever,gets,the,most,dad,emojis,wins.,Multiple,entries,permitted.	Humour		18	6,,,,,,,,,,,,,,,,,,,,,,,,,,,,,,,,,,,,,,,,,,,,,,,,,,,,,,,,,,,,,,,,,,,,,,,,,,,,,,,,,,,,,,,,
"25	10/11/2023	10:23	""As",the,cold,continues,to,creep,up,on,us,and,permanent,dampness,blankets,the,"country,",so,too,does,the,cuisine,in,our,kitchens,change,with,the,season.,The,asparagus,salads,of,the,summer,are,"out,",shepherd's,pie,and,hearty,broths,are,"in,",and,Daniel,Brewer,(MED,-,Staff),fortifies,his,soup,larder,for,the,winter,hibernation,to,"come.""	What",is,your,favourite,soup?	Food		6	5,,,,,,,,,,,,,,,,,,,,,,,,,,,,,,,,,,,,,,,,,,,,,,,,,,,,,,,,,,,,,,,,,,,,
"26	17/11/2023	15:22	""As",I,make,my,way,back,from,the,office,every,"evening,",I,cross,a,bridge,spanning,the,Yare.,Through,the,dusky,"gloom,",I,often,spy,a,flock,of,ducks,loitering,at,the,water's,edge.,It's,given,me,an,idea,for,the,name,of,that,indie,band,I,will,start,any,day,now:,Ducks,After,"Dark.""	What",would,be,the,name,of,a,band,you'd,start?	Media	Hypothetical	2	2,,,,,,,,,,,,,,,,,,,,,,,,,,,,,,,,,,,,,,,,,,,,,,,,,,,,,,,,,,,,,,,,,,
"27	24/11/2023	12:37	""Seshadhri",Subramanian,(MED,-,Postgraduate,Researcher),is,super,excited,to,see,Ridley,Scott's,latest,historical,epic,"Napoleon,",now,showing,at,a,cinema,near,you.,As,the,lab's,resident,history,"nut,",he's,promised,us,a,complete,write-up,of,all,the,historical,inaccuracies,featured,in,the,"film.""	Which",historical,figure,should,join,the,team,and,why?	Rogue	Hypothetical	2	2,,,,,,,,,,,,,,,,,,,,,,,,,,,,,,,,,,,,,,,,,,,,,,,,,,,,,,,,,,,,,,,,,,,,,,,,,,,,,
28	01/12/2023	09:57	Today's,FAQ,is,the,most,divisive,one,yet.,I,have,been,informed,of,a,great,controversy,causing,much,angry,argument,and,dreadful,dispute,among,the,ranks,of,the,Cancer,Genetics,Team.,Time,to,break,out,a,democracy,to,settle,these,quarrelsome,questions,once,and,for,all.	Cat,or,toaster?	Rogue	In-joke	6	6,,,,,,,,,,,,,,,,,,,,,,,,,,,,,,,,,,,,,,,,,,,,,,,,,,,,,,,,,,,,,,,,,,,,,,,,,,,,,,,,,,
"29	08/12/2023	09:36	""Oxford",University,Press,recently,announced,their,winner,for,word,of,the,year:,"rizz"""",",defined,as,"style,","charm,",attractiveness,and,believed,to,be,a,shortening,of,the,word,"charisma"""".",The,runners,up,included,colloquialisms,beige,"flag""""",and,"Swiftie"""".""	What",are,some,of,your,favourite,modern,or,old,slang,words,or,phrases?	Culture	Topical	10	5,,,,,,,,,,,,,,,,,,,,,,,,,,,,,,,,,,,,,,,,,,,,,,,,,,,,,,,,,,,,,,,,,,,,,,,,,,,,,,,,,
"30	15/12/2023	10:58	""For",the,last,one,of,the,year,and,in,the,theme,of,the,festive,"season,",today's,FAQ,comes,from,the,curious,Jade,Manning,(MED,-,Postgraduate,"Researcher).""	What",is,your,favourite,Christmas,film?	Media	Topical	5	5,,,,,,,,,,,,,,,,,,,,,,,,,,,,,,,,,,,,,,,,,,,,,,,,,,,,,,,,,,,,,,,,,,,,,,,,,,,,,,,,,,,,,,,,,,,,,,,,,,
"31	05/01/2024	09:50	""I",once,interviewed,for,a,job,at,a,yogurt,factory.,I,discovered,that,around,this,time,of,"year,",they,increase,their,production,of,fat-free,fermentations,to,meet,the,rise,in,demand,as,lactose,lovers,everywhere,make,solemn,promises,to,be,healthier.,Only,until,February,though.,Then,normal,production,resumes,as,the,fat-free,fad,fades.,Supply,and,"demand.""	What",are,your,New,Year's,resolutions?,Emojis,only.	Lifestyle	Topical	7	5,,,,,,,,,,,,,,,,,,,,,,,,,,,,,,,,,,,,,,,,,,,,,,,,,,,,,,,,,,,,,,,,,,
"32	12/01/2024	09:20	""New","year,",new,Teams.,January,is,such,a,fitting,time,for,new,beginnings,and,realising,your,goals.,Join,the,"gym,",finish,that,DIY,project,you've,been,putting,off,for,"months,",and,start,a,side,hustle,with,your,friend,where,you,attempt,to,amuse,people,on,the,internet,by,chatting,about,something,niche,and,"inane.""	What",would,be,the,title,of,a,podcast,you're,starting?	Media	Hypothetical	5	4,,,,,,,,,,,,,,,,,,,,,,,,,,,,,,,,,,,,,,,,,,,,,,,,,,,,,,,,,,,,,,,,,,,
"33	19/01/2024	09:31	""I",awoke,this,morning,to,the,sound,of,my,familiar,whispering,in,my,"ear,",reminding,me,that,today,is,Brew,a,Potion,Day.,Time,to,dust,off,the,"cauldron,",don,a,pointy,"hat,",and,pick,up,some,dried,lacewings,and,boomslang,skin,from,Holland,&,"Barrett.""	What",potion,are,you,brewing?,State,its,purpose,and,ingredients,(emojis,only).	Rogue	Hypothetical	2	2,,,,,,,,,,,,,,,,,,,,,,,,,,,,,,,,,,,,,,,,,,,,,,,,,,,,,,,,,,,,,,,,,,,,,,,,,
"34	26/01/2024	09:03	""Emma Wilson (MED - Postgraduate Researcher)'s",passion,for,the,stage,is,obvious,to,all,who,meet,her.,Having,had,a,career,in,acting,in,many,shows,centred,around,"academia,",her,next,gig,will,be,more,managerial.,Keen,to,culture,the,masses,in,all,matters,performative,"arts,",she,will,be,moving,on,to,be,the,theatre,director,of,Great,Yarmouth.,With,many,creative,projects,in,the,"pipeline,",she,is,on,the,hunt,for,fresh,acting,talent,and,new,star,"leads.""	""What",character,would,you,like,to,play,in,any,"film,","TV,",or,stage,"production?""	Entertainment	Hypothetical	1	1",,,,,,,,,,,,,,,,,,,,,,,,,,,,,,,,,,,,,,,,,,,
35	02/02/2024	10:14	Today,is,Groundhog,Day.,Tomorrow,will,also,be,Groundhog,Day.,And,the,day,after,that.,And,again,after,"that.	""If",you,were,stuck,in,a,daily,repeating,"loop,",what,would,you,"do?""	Sci-Fi/Fantasy	Hypothetical	5	5",,,,,,,,,,,,,,,,,,,,,,,,,,,,,,,,,,,,,,,,,,,,,,,,,,,,,,,,,,,,,,,,,,,,,,,,,,,,,,,,,,,,,,,,,,,,,,,,,,,
36	09/02/2024	09:20	The,Apple,Vision,Pro,released,last,week,and,the,world,is,now,beset,with,tech,enthuasiasts,donning,their,VR,ski-goggles,in,public,and,waving,their,hands,about,in,empty,air,as,if,trying,to,perform,an,invisible,magic,trick.	What,future,technology,are,you,looking,forward,to,and,why?	Sci-Fi/Fantasy	Hypothetical	3	3,,,,,,,,,,,,,,,,,,,,,,,,,,,,,,,,,,,,,,,,,,,,,,,,,,,,,,,,,,,,,,,,,,,,,,,,,,,,,,,,,,
"37	16/02/2024	11:58	""Versatile,","dependable,",and,"delicious,",the,humble,potato,is,undoubtedly,humanity's,greatest,invention.,From,dauphinoise,to,hash,"browns,",after,decades,of,"careful,",culinary,"considerations,",Calista Tink (MED - Postgraduate Researcher) has,concluded,the,most,exquisite,method,of,starch,consumption,are,potato,"waffles.""	What",is,your,favourite,potato,format?	Food	In-joke	16	9,,,,,,,,,,,,,,,,,,,,,,,,,,,,,,,,,,,,,,,,,,,,,,,,,,,,,,,,,,,,,,,,,,,,,,,,,,,,,,,,,,,,,,,,,,
"38	23/02/2024	09:39	""When's",your,birthday?,22nd,of,"February.""""",What,"year?""""",Every,"year.""""","Yarp,",yesterday,was,Hot,Fuzz,day.,"	What is your favourite British comedy film and/or TV series?	Media		10	6
39	01/03/2024	11:18	Ah,",Wales!,Hen,wlad,fy,nhadau.,This,great,country,has,it,all:,"hills,","sheep,",leek,and,lamb,"stew,",a,language,seemingly,without,"vowels,",and,"dragons.""	""If",you,were,a,"dragon,",what,would,you,"hoard?""	Sci-Fi/Fantasy	Hypothetical	8	5",,,,,,,,,,,,,,,,,,,,,,,,,,,,,,,,,,,,,,,,,,,,,,,,,,,,,,,,,,,,,,,,,,,,,,,,,,,,,,,,,
"40	08/03/2024	12:42	""F1",can,be,terribly,dull,sometimes.,Cars,set,"off,",drive,in,a,"circle,",before,doing,it,all,over,again.,I,would,like,to,see,some,major,improvements,such,as,banana,"skins,",James,Bond,"gadgets,",a,dynamic,"track,",and,all,cars,replaced,by,"go-karts. ""	What",improvements,would,you,make,to,F1?	Sport	Topical	9	9,,,,,,,,,,,,,,,,,,,,,,,,,,,,,,,,,,,,,,,,,,,,,,,,,,,,,,,,,,,,,,,,,,,,,,,,,,,,,,,,,
"41	15/03/2024	09:49	""On",this,day,in,"1953,",a,bunch,of,folks,from,the,International,Flying,Saucer,Bureau,gathered,together,in,a,collective,consciousness,in,an,attempt,to,contact,alien,life,through,telepathy.,Their,message,was,one,of,peace,and,an,offer,of,friendship,between,Earthlings,and,any,extra-terrestrials,which,bothered,to,tune,in,to,the,"broadcast.""	What",message,would,you,send,to,the,aliens? 	Sci-Fi/Fantasy	Hypothetical	5	4,,,,,,,,,,,,,,,,,,,,,,,,,,,,,,,,,,,,,,,,,,,,,,,,,,,,,,,,,,,,,,,,,,,,,
"42	22/03/2024	09:44	""Netflix",released,The,3,Body,Problem,"yesterday,",a,hard,science,fiction,tale,which,explores,the,Fermi,Paradox,and,the,Dark,Forest,hypothesis,and,in,which,humanity,is,going,to,have,a,really,terrible,time.,In,light,of,FAQ's,42nd,"birthday,",maybe,we,should,remind,ourselves,that,sci-fi,can,be,comedic,"too.""	""You",may,recall,that,the,answer,to,"life,",the,"universe,",and,everything,was,42.,What,was,the,"question?""	Sci-Fi/Fantasy		5	4",,,,,,,,,,,,,,,,,,,,,,,,,,,,,,,,,,,,,,,,,,,,,,,,,,,,,,,,,,,,,,
"43	22/03/2024	13:40	""It",was,the,start,of,spring,this,week.,To,mark,the,"occasion,",we're,doing,some,spring-cleaning.,The,FAQ,elves,have,busied,themselves,with,all,the,"dusty,",moth-ridden,questions,which,have,been,languishing,too,long,in,the,backlog,and,have,selected,one,as,an,extra,for,today.,This,particular,example,was,submitted,by,Anna Russell (MED - Postgraduate Researcher) many,moons,"ago.""	What",is,your,favourite,room,in,your,house,and,why?	Lifestyle		3	2,,,,,,,,,,,,,,,,,,,,,,,,,,,,,,,,,,,,,,,,,,,,,,,,,,,,,,,,,,,,,,,,,,
44	27/03/2024	09:46	FAQs,are,going,rogue!,2,Questions,in,one,day,last,week,and,now,one,on,a,Wednesday?,Why?,2,reasons:,1),We're,all,off,on,Friday,and,2),Emma Wilson (MED - Postgraduate Researcher) is,mightily,curious,and,cannot,wait,until,after,Easter,to,learn,about,the,group's,culinary,preferences,once,again.	What,is,your,favourite,cheese?	Food		9	6,,,,,,,,,,,,,,,,,,,,,,,,,,,,,,,,,,,,,,,,,,,,,,,,,,,,,,,,,,,,,,,,,,,,,,,,,,,,,,,,
"45	05/04/2024	11:29	""Dua",Lipa,released,her,new,album,this,week,and,as,the,group's,biggest,fan,of,the,"singer,","Seshadhri Subramanian (MED - Postgraduate Researcher),",has,been,counting,down,the,minutes,ever,since,the,announcement,back,in,March.,Titled,Radical,"Optimism""""",after,Dua,Lipa's,personal,"philosophy,",Sesh,has,taken,the,album's,name,to,heart,and,has,been,radiating,positive,vibes,into,the,office,ever,"since.""	""If",you,released,a,music,"album,",what,would,you,name,"it?""	Media	Hypothetical	7	6",,,,,,,,,,,,,,,,,,,,,,,,,,,,,,,,,,,,,,,,,,,,,,,,,,,,,,,,,,,,,,
"46	12/04/2024	09:10	""I",don't,really,have,houseplants,-,I,have,experiments.,I,just,plants,things,to,see,if,they'll,grow.,As,"such,",I,have,grown,a,little,apple,tree,from,a,fruit,purchased,at,"Aldi,",tomatoes,from,a,weed,I,found,on,the,dish,"drainer,",and,I've,made,several,attempts,at,cultivating,"avocados.""	""If",you,had,to,spend,every,second,Tuesday,as,a,"plant,",what,would,you,"be?""	Nature	Hypothetical	5	5",,,,,,,,,,,,,,,,,,,,,,,,,,,,,,,,,,,,,,,,,,,,,,,,,,,,,,,,,,,,,,,,,
"47	19/04/2024	09:51	""In",between,bouts,of,"thunder,","wind,",and,rain,we've,had,a,few,sunny,spells,of,late,too,which,makes,me,hopeful,that,the,start,of,picnic,season,will,soon,be,upon,"us.""	What",is,your,favourite,sandwich,recipe?,Emojis,only.	Food		7	7,,,,,,,,,,,,,,,,,,,,,,,,,,,,,,,,,,,,,,,,,,,,,,,,,,,,,,,,,,,,,,,,,,,,,,,,,,,,,,,,,,,,,,,,,,,
"48	26/04/2024	10:00	""FAQs",asks,about,favourites,a,lot.,Everything,from,favourite,'90s,film,to,favourite,potato,format,has,been,covered.,Top,of,the,question,list,today,happens,to,be,What,is,your,favourite,"animal?""""","but,",for,the,sake,of,diversity,and,harking,back,to,"FAQ#46,",consider,this:,What,if,you,had,to,be,the,animal?,Would,your,answer,still,be,the,same?,This,is,exactly,the,sort,of,spicy,content,we,come,here,for,every,"Friday.""	What",animal,would,you,be?,Justify,your,answer.	Nature	Hypothetical	2	2,,,,,,,,,,,,,,,,,,,,,,,,,,,,,,,,,,,,,,,,,,,,,,,,,
"49	03/05/2024	09:30	""Dua",Lipa,released,her,new,album,this,week,and,as,the,group's,biggest,fan,of,the,"singer,","Seshadhri Subramanian,",has,been,counting,down,the,minutes,ever,since,the,announcement,back,in,March.,Titled,Radical,"Optimism""""",after,Dua,Lipa's,personal,"philosophy,",...,hold,on.,We've,done,this,one.,"Umm,",quick!,Let's,pick,one,at,random,from,the,backlog.,What,have,we,got?,Favourite,colour,of,bell,"pepper,",favourite,UK,"supermarket,",optimal,ply,number,for,toilet,paper;,so,many,options.,"Pftt,",let's,just,do,all,3,of,"those.""	""Favourite",colour,of,bell,"pepper,",favourite,UK,"supermarket,",optimal,ply,number,for,toilet,"paper?""	Lifestyle		5	4",,,,,,,,,,,,,,,,,,,,,,,,,,,,,,,,
"50	10/05/2024	09:30	""FAQ",is,half,a,century,old!,Time,to,celebrate.,Bring,out,the,party,"hats,",light,the,"candles,",and,of,"course,",bring,on,the,"cake.""	What",is,your,favourite,cake?	Food		7	7,,,,,,,,,,,,,,,,,,,,,,,,,,,,,,,,,,,,,,,,,,,,,,,,,,,,,,,,,,,,,,,,,,,,,,,,,,,,,,,,,,,,,,,,,,,,,,,,,,,,,,
"51	13/05/2024	09:04	""The",observant,of,you,will,notice,that,it's,not,Friday,today,"but,",to,mark,the,occasion,of,FAQs,turning,one,year,old,this,"week,",we're,going,to,play,hard,and,fast,with,the,rules,by,not,only,asking,a,question,on,a,Monday,but,also,inviting,the,very,first,FAQ,back,onto,the,"show.""	Who",was,your,Eurovision,favourite?,Answers,in,emojis,only.	Media	Topical	4	4,,,,,,,,,,,,,,,,,,,,,,,,,,,,,,,,,,,,,,,,,,,,,,,,,,,,,,,,,,,,,,,,,,,,
52	17/05/2024	11:04	The,way,to,work:,a,haiku,White,swans,in,white,fog,Sun,purges,droplets,from,air,Rays,sparkle,on,"waves	""Write",a,haiku,poem,about,an,experience,you,had,this,week.,Haikus,have,three,lines,with,syllable,pattern,"5,","7,",5.,They,don't,"rhyme.""	Rogue		6	5",,,,,,,,,,,,,,,,,,,,,,,,,,,,,,,,,,,,,,,,,,,,,,,,,,,,,,,,,,,,,,,,,,,,,,,,,,,,,,,,,,,,,,,
"53	24/05/2024	09:39	""""""Are",you,a,dog,or,a,cat,"person?""""",is,a,favourite,conversation,starter,to,get,to,know,someone.,Someone,human.,When,cats,meets,each,"other,",do,you,think,they'll,ask,something,like:,Are,you,a,Dave,or,more,of,a,Karen,"cat?""""",Cats,are,undoubtedly,the,owner's,owners,but,what,if,dogs,were,too?,Or,even,budgies,for,that,"matter?""	What",animal,would,you,want,to,be,a,pet,to?,Justify,your,answer.	Nature	Hypothetical	6	6,,,,,,,,,,,,,,,,,,,,,,,,,,,,,,,,,,,,,,,,,,,,,,,,,,,,,,,,,,
"54	31/05/2024	10:08	""Apocalyptic",weather,we're,having,lately,for,this,time,in,May.,If,this,"continues,",I,fully,expect,"death,","disease,",Norwich,Cathedral,to,be,swept,into,Great,"Yarmouth,",and,the,undead,to,rise,from,the,waters,to,feast,on,any,survivors.,Time,to,stock,up,on,bog,"roll.""	What",is,your,zombie,apocalypse,survival,plan?	Sci-Fi/Fantasy	Hypothetical	8	8,,,,,,,,,,,,,,,,,,,,,,,,,,,,,,,,,,,,,,,,,,,,,,,,,,,,,,,,,,,,,,,,,,,,,,,,,,,,,,
55	07/06/2024	13:25	No,question,today?,Don't,be,fusilli.	What,is,your,favourite,pasta,shape?	Food		4	4,,,,,,,,,,,,,,,,,,,,,,,,,,,,,,,,,,,,,,,,,,,,,,,,,,,,,,,,,,,,,,,,,,,,,,,,,,,,,,,,,,,,,,,,,,,,,,,,,,,,,,,,,,,,,,,,,,,,,,,
"56	14/06/2024	09:46	""Scientists",enlist,AI,to,interpret,meaning,of,barks,-,BBC,News,Dogs,are,all,fine,and,"good,",I,"guess,",but,what,if,we,had,a,newfangled,AI,tech-gizmo,that,enabled,all,animals,to,have,jolly,chinwag,with,us?,What,could,they,tell,us?,What,does,the,fox,"say?""	""If",animals,could,"talk,",which,one,would,you,chat,with,and,"why?""	Nature	Hypothetical	7	6",,,,,,,,,,,,,,,,,,,,,,,,,,,,,,,,,,,,,,,,,,,,,,,,,,,,,,,,,,,,,,,,,,,,,,,
"57	21/06/2024	08:51	""Did",you,see,that,ridiculous,display,last,night?,What,was,the,referee,playing,"at?""""",The,problem,with,Arsenal,is,they,always,try,to,walk,it,"in.""""",For,those,who,don't,"know,",these,are,phrases,you,may,commonly,hear,in,a,discussion,about,"football.""	Suggest",phrases,commonly,overheard,in,a,sport,of,your,choice.,Guess,the,sport,from,the,sayings,provided,by,others.	Sport	In-joke	15	8,,,,,,,,,,,,,,,,,,,,,,,,,,,,,,,,,,,,,,,,,,,,,,,,,,,,,,,,,,,,,,,,,,,,,
"58	28/06/2024	09:30	""Bit",hot,"lately,",isn't,"it?""	Suggest",some,top,tips,for,staying,cool,in,the,summer,heat.	Lifestyle	Topical	9	6,,,,,,,,,,,,,,,,,,,,,,,,,,,,,,,,,,,,,,,,,,,,,,,,,,,,,,,,,,,,,,,,,,,,,,,,,,,,,,,,,,,,,,,,,,,,,,,,,,,,,,,,,,,,,,,,,,,
"59	05/07/2024	09:58	""Ah,",democracy!,Who,doesn't,love,rocking,up,to,a,derelict,community,centre,or,an,abandoned,church,every,few,years,to,vote,on,the,nation's,favourite,colour?,"Personally,",I'm,here,for,the,colourful,characters.,With,his,plan,to,put,a,price,cap,on,croissants,and,nationalise,"Adele,",intergalactic,space,warrior,Count,Binface,had,my,support,this,year.,In,past,"elections,",I,have,admired,the,boldness,of,Lord,Buckethead,and,I,still,remember,fondly,my,all-time,favourite,Mr,Fish,"Finger.""	Under",what,pseudonym,would,you,run,as,a,comedy,candidate?,What,joke,policies,would,you,have?,What,would,be,your,campaigning,strategy? 	Rogue	Topical	8	5,,,,,,,,,,,,,,,,,,,,,,,,,,,,,,,
60	15/07/2024	09:30	Looks,like,there,was,some,mix-up,at,the,post,office,last,Friday,so,we're,delivering,the,FAQ,today.,Time,to,find,out,who's,the,team's,evil,genius.	How,would,you,design,an,escape,room?	Entertainment	Hypothetical	8	4,,,,,,,,,,,,,,,,,,,,,,,,,,,,,,,,,,,,,,,,,,,,,,,,,,,,,,,,,,,,,,,,,,,,,,,,,,,,,,,,,,,,,,,,,,,,,,,,,
"61	19/07/2024	10:40	""What",maketh,a,hero?,"Why,",of,"course,",a,villain!,No,good,without,evil.,No,shining,knight,without,a,dastardly,dragon,to,fight.,And,there,are,no,better,villains,than,"Disney's.""	Who",is,your,favourite,Disney,villain?,Bonus,points,for,answering,with,emoji's,only.,Double,bonus,points,for,correctly,guessing,other,people's,hieroglyphics.	Media		26	7,,,,,,,,,,,,,,,,,,,,,,,,,,,,,,,,,,,,,,,,,,,,,,,,,,,,,,,,,,,,,,,,,,,,,,,,,,,,,,,
62	26/07/2024	08:25	Today's,question,comes,from,the,curious,Anna Russell (MED - Postgraduate Researcher) and,it's,an,interesting,"one.	""If",you,could,dispense,two,different,liquids,from,your,"fingers,",which,would,they,"be?""	Rogue	Hypothetical	5	5",,,,,,,,,,,,,,,,,,,,,,,,,,,,,,,,,,,,,,,,,,,,,,,,,,,,,,,,,,,,,,,,,,,,,,,,,,,,,,,,,,,,,,,,,,,,,,,,,,,,,,,,,,
"63	02/08/2024	08:50	""Today's",question,comes,from,the,curious,Seshadhri,Subramanian,(MED,-,Postgraduate,Researcher)  who,believes,that,we,hold,Olympians,in,too,high,esteem.,They,may,be,amongst,the,most,"ambitious,","tenacious,",fittest,humans,ever,alive,"but,",at,the,end,of,the,"day,",all,some,of,them,do,is,run,100,"metres,",throw,a,metal,"pole,",or,do,some,dancing,with,extra,somersaults.,Time,to,take,these,big,egos,down,a,"peg.""	What",sports,do,you,think,you,could,beat,Simone,Biles,in?	Sport	Topical	17	6,,,,,,,,,,,,,,,,,,,,,,,,,,,,,,,,,,,,,,,,,,,,,,,,,,,
"64	05/08/2024	09:30	""We",interrupt,your,regularly,scheduled,FAQ,programme.,The,Olympics,is,on!,What,better,excuse,for,some,bonus,questions?,The,Olympic,opening,ceremony,is,a,chance,to,learn,about,the,host,nation's,culture,through,"spectacular,",artistic,"displays.""	""If",the,Olympic,games,were,held,in,"Norfolk,",how,would,you,design,the,opening,"ceremony?""	Culture	Topical	2	2",,,,,,,,,,,,,,,,,,,,,,,,,,,,,,,,,,,,,,,,,,,,,,,,,,,,,,,,,,,,,,,,,,,,,,,,,,,,,,,,
65	09/08/2024	09:30	Sports,are,so,in,season,right,now.,Sesh,is,in,heaven.	What,have,been,your,favourite,moments,from,the,Olympics,thus,far?	Sport	Topical	6	3,,,,,,,,,,,,,,,,,,,,,,,,,,,,,,,,,,,,,,,,,,,,,,,,,,,,,,,,,,,,,,,,,,,,,,,,,,,,,,,,,,,,,,,,,,,,,,,,,,,,,,,,,,,,,
66	16/08/2024	08:47	Would,you,say,boo,to,a,goose?,Go,on,a,wild,goose,chase?,Have,your,goose,cooked,when,it,lays,golden,eggs?,Silly,goose!	What,is,your,favourite,idiom?	Culture	In-joke	6	5,,,,,,,,,,,,,,,,,,,,,,,,,,,,,,,,,,,,,,,,,,,,,,,,,,,,,,,,,,,,,,,,,,,,,,,,,,,,,,,,,,,,,,,,,,,,,,,,,,,,,,
67	23/08/2024	10:25	Ever,stuffed,a,banana,before?,Sounds,like,quite,a,tricky,job.,You,need,the,right,tool,(Banana,Loca:,How,To,Use,-,YouTube),and,the,banana,needs,to,be,of,the,perfectly,straight,variety.,Surely,there,are,better,options,for,stuffing,out,there.	What,fruit,or,vegetable,would,you,stuff,with,what?	Food		3	3,,,,,,,,,,,,,,,,,,,,,,,,,,,,,,,,,,,,,,,,,,,,,,,,,,,,,,,,,,,,,,,,,,,,,,,,,,,,,,,
"68	30/08/2024	09:51	""Some",lab,members,went,on,a,culinary,tour,of,Scotland,this,week.,Haggis,and,tattie,scones,were,all,washed,down,with,copious,amounts,of,Irn-Bru.,Famous,for,its,deep,fried,"goodies,",Scotland,will,stay,forever,with,those,who,partook,of,a,deep,fried,pizza,in,the,form,of,an,extra,few,pounds,on,the,"paunch.""	What",deep,fried,food,would,you,like,to,try?	Food	In-joke	5	5,,,,,,,,,,,,,,,,,,,,,,,,,,,,,,,,,,,,,,,,,,,,,,,,,,,,,,,,,,,,,,,,,,,
69	06/09/2024	10:52	The,Paralympics,is,on!,Time,for,some,more,sports,content.	What,everyday,activity,requires,such,effort,and/or,skill,that,it,should,be,an,Olympic,sport?	Sport		9	4,,,,,,,,,,,,,,,,,,,,,,,,,,,,,,,,,,,,,,,,,,,,,,,,,,,,,,,,,,,,,,,,,,,,,,,,,,,,,,,,,,,,,,,,,,,,,,,,,,,,,,,,,,
70	13/09/2024	09:53	Did,you,know,that,Anna Russell (MED - Postgraduate Researcher) bought,a,"house?	""If",you,were,renovating,Anna's,"house,",what,features,would,you,"add?""	Lifestyle	In-joke	7	7",,,,,,,,,,,,,,,,,,,,,,,,,,,,,,,,,,,,,,,,,,,,,,,,,,,,,,,,,,,,,,,,,,,,,,,,,,,,,,,,,,,,,,,,,,,,,,,,,,,,,,,,,,,,,,,,,
"71	20/09/2024	09:30	""Ads.",They,are,everywhere. The,average,television,viewer,will,sit,through,14,minutes,of,advertisements,in,a,day.,We,see,approximately,"5,000",in,a,day,and,those,keen,on,watching,sports,will,spend,around,80,days,of,their,life,on,ad,breaks,(apart,from,Sesh,who's,probably,spending,more,than,double,"that).""	What",is,your,favourite,ad?	Media		6	5,,,,,,,,,,,,,,,,,,,,,,,,,,,,,,,,,,,,,,,,,,,,,,,,,,,,,,,,,,,,,,,,,,,,,,,,,,,
"72	27/09/2024	09:30	""Picture",this:,you're,at,a,"BBQ,",plate,in,"hand,",and,suddenly,you're,faced,with,the,most,critical,decision,of,the,day.,It's,not,about,rare,or,"well-done,",burger,or,hot,dog—oh,no.,It's,the,TRUE,test,of,character:,which,condiment,will,crown,your,masterpiece?,"So,",let's,settle,it—what's,your,go-to?,Ketchup,royalty?,Mustard,madness?,Or,are,you,a,secret,sauce,"connoisseur?""	What",is,your,favourite,condiment?	Food		5	5,,,,,,,,,,,,,,,,,,,,,,,,,,,,,,,,,,,,,,,,,,,,,,,,,,,,,,,,,,,,,,,,,
"73	04/10/2024	08:47	""While",you're,scraping,out,the,last,dregs,of,sugary,dust,from,your,empty,breakfast,cereal,box,this,"morning,",you,find,a,note,stuck,to,the,bottom.,As,you,unfold,"it,",your,eyes,widen,and,jaw,drops,to,the,floor,in,excited,surprise.,You've,won,a,prize!,A,weekend,"away,",anywhere,in,the,"world,",doing,whatever,you,"want,",all,at,the,expense,of,the,anthropomorphic,cartoon,character,on,the,side,of,the,"box.""	Where",will,you,be,spending,your,all,expenses,paid,weekend?,What,will,you,be,doing?	Lifestyle	Hypothetical	4	4,,,,,,,,,,,,,,,,,,,,,,,,,,,,,,,,,,,,,,,,,,,,
74	11/10/2024	09:19	We,have,an,important,announcement,from,the,International,Egg,Commission:,Today,is,World,Egg,Day!,Time,to,show,some,appreciation.	Describe,your,favourite,egg,format.	Food		15	9,,,,,,,,,,,,,,,,,,,,,,,,,,,,,,,,,,,,,,,,,,,,,,,,,,,,,,,,,,,,,,,,,,,,,,,,,,,,,,,,,,,,,,,,,,,,,,,,,,,,,,,,,,
"75	18/10/2024	11:30	""Our",phones,know,a,lot,about,us.,What,time,you,get,"up,",where,you,were,last,"Wednesday,",and,what,darkest,secrets,you,spill,when,you,"text.""	""Use",predictive,text,to,complete,the,following,sentence:,I'm,really,good,"at...""""",Always,pick,the,middle,"word.""	Rogue		23	11",,,,,,,,,,,,,,,,,,,,,,,,,,,,,,,,,,,,,,,,,,,,,,,,,,,,,,,,,,,,,,,,,,,,,,,,,,,,,,,,,,,,,,,,
"76	25/10/2024	09:23	""'Tis",the,spooky,season.,Time,to,set,the,mood,with,some,"terrifically,",terrifying,"tunes.""	What",is,your,favourite,Halloween,music?	Media	Topical	13	5,,,,,,,,,,,,,,,,,,,,,,,,,,,,,,,,,,,,,,,,,,,,,,,,,,,,,,,,,,,,,,,,,,,,,,,,,,,,,,,,,,,,,,,,,,,,,,,,,,,,,,,,,,,,,,,
"77	01/11/2024	09:13	""The",days,grow,"grey,",the,nights,are,"lengthening,",and,the,temperatures,are,dropping.,Perfect,for,staying,inside,and,making,yourself,a,lovely,"cuppa.""	Describe",your,method,for,making,the,perfect,cup,of,tea.,Emojis,only.	Food		7	4,,,,,,,,,,,,,,,,,,,,,,,,,,,,,,,,,,,,,,,,,,,,,,,,,,,,,,,,,,,,,,,,,,,,,,,,,,,,,,,,,,,,,,,,,,,,,,,,
"78	08/11/2024	09:49	""Today",may,well,be,National,Cappuccino,Day,"but,",even,"so,",I,know,what,I'll,be,ordering,from,the,truck,later,today:,one,not-so-hot,skinny,vanilla,flat,"white,","please.""	What's",your,most,extravagant,coffee,order?	Food	In-joke	14	8,,,,,,,,,,,,,,,,,,,,,,,,,,,,,,,,,,,,,,,,,,,,,,,,,,,,,,,,,,,,,,,,,,,,,,,,,,,,,,,,,,,,,,,,,,,,,,,,,
79	15/11/2024	10:45	Today,is,National,Drummer,Day,and,Emma Wilson (MED - Postgraduate Researcher) has,been,hitting,the,set,hard,in,preparation,for,a,her,post-PhD,life:,starting,a,"band.	""If",you,were,starting,a,band,composed,entirely,of,lab,"members,",which,instruments,would,you,have,everyone,"playing? ""	Media	Hypothetical	3	3",,,,,,,,,,,,,,,,,,,,,,,,,,,,,,,,,,,,,,,,,,,,,,,,,,,,,,,,,,,,,,,,,,,,,,,,,,,,,,,,,,,,,,,,,,,
"80	22/11/2024	09:22	""In",the,lead,up,to,the,release,of,Seshadhri Subramanian (MED - Postgraduate Researcher) new,recipe,book:,Zap,It,Like,It's,Hot:,100,Microwave,Meals,to,make,your,entire,kitchen,"obsolete,",we're,asking,around,for,everyone,else's,experience,of,fine,dining,at,the,push,of,a,few,"buttons.""	What",is,the,most,extravagant,meal,you've,ever,made,using,only,a,microwave?, 	Food	In-joke	4	4,,,,,,,,,,,,,,,,,,,,,,,,,,,,,,,,,,,,,,,,,,,,,,,,,,,,,,,,,,,,,,,,,,,,,,,,,,,
"81	29/11/2024	11:28	""With",sweet,treat,season,just,around,the,"corner,",today,is,National,Chocolates,"Day...somewhere,",I'm,"sure.""	Which",Celebrations,chocolate,is,your,favourite?	Food	Topical	7	6,,,,,,,,,,,,,,,,,,,,,,,,,,,,,,,,,,,,,,,,,,,,,,,,,,,,,,,,,,,,,,,,,,,,,,,,,,,,,,,,,,,,,,,,,,,,,,,,,,,,,,,,,,,,,,
"82	06/12/2024	11:59	""Ah,",the,workplace,Secret,Santa—truly,a,crucible,of,modern,corporate,culture.,As,the,gift,exchange,day,draws,"closer,",the,trepidation,mounts.,What,should,I,get?,What,could,I,possibly,be,receiving?,Do,you,know,your,colleagues,well,enough,to,provide,the,perfect,present,or,will,you,be,getting,the,Tesco,chocolates,the,day,before?,What,if,you,have,an,allergy,you've,never,mentioned,or,a,deep-seated,hatred,for,novelty,mugs,which,you,wish,your,Secret,Santa,to,know,about?,"Well,",today's,FAQ,may,help,you,"out.""	Do",you,have,any,advice,for,your,Secret,Santa?	Lifestyle	In-joke	8	4,,,,,,,,,,,,,,,,,,,,,,,,,,,,,,,,,,,,
83	13/12/2024	09:56	Have,you,written,your,wish,list,yet?,Lacking,inspiration?,Perhaps,your,phone,can,"help.	""Use",predictive,text,to,complete,the,following,sentence:,Dear,"Santa,",for,Christmas,I,would,really,"like...""""",Always,pick,the,middle,"word.""	Rogue	Topical	8	5",,,,,,,,,,,,,,,,,,,,,,,,,,,,,,,,,,,,,,,,,,,,,,,,,,,,,,,,,,,,,,,,,,,,,,,,,,,,,,,,,,,,,,,,,,,,,,,,
"84	20/12/2024	10:31	""It's",been,another,long,year,and,things,are,slowly,winding,down,at,FAQ,headquarters.,Or,they,were,supposed,to.,Instead,of,tidying,up,and,putting,themselves,back,on,the,shelves,to,rest,for,the,New,"Year,",the,FAQ,elves,got,a,bit,carried,away,at,the,Christmas,party,last,night,and,started,putting,all,manner,of,things,on,top,of,other,things.,Now,they're,demanding,we,decipher,the,meaning,behind,their,mischievous,"stacking.""	Guess",the,punchline,to,reveal,the,next.	Rogue	In-joke	24	7,,,,,,,,,,,,,,,,,,,,,,,,,,,,,,,,,,,,,,,,,,,,,,,,,,,
